index,mcc_score,lower,upper,size
0,0.13177313607483673,0.06714021464996706,0.180879280950444,765
1,0.1393871898187217,0.05814294862484058,0.20825824522567035,574
3,0.19652793798646448,0.13164283863058426,0.2631463681192144,255
5,0.1968646000538232,0.07784073452737884,0.306004502598551,192
6,0.335035916092096,0.22172811510131168,0.43667925930848156,423
8,0.31636282802970317,0.1614801735467559,0.44757193978461735,516
9,0.0,0.0,0.0,168
