index,mcc_score,lower,upper,size
0,0.10119532058742141,-0.0830425703563374,0.21275978349942049,194
1,0.16375848759094483,0.08402916318031353,0.24405148745018082,135
3,0.1686312829743278,0.0,0.3082573996425538,60
5,0.2781422809278073,0.10773645092141683,0.4844240566555987,41
6,0.30439169706040803,0.0,0.5067317914180389,94
8,0.21377411118569595,0.0,0.44448287357687294,145
9,0.0,0.0,0.0,55
