index,mcc_score,lower,upper,size
0,0.10156924453289815,-0.06938852654321238,0.21275978349942049,194
1,0.16316825617803868,0.08534297398677987,0.2486770060594996,135
3,0.16790056030743972,0.0,0.30924762834029246,60
5,0.277891581966095,0.10471347707292387,0.4844240566555987,41
6,0.3060896370622785,0.0,0.5208817806924757,94
8,0.21465607609728668,0.0,0.4473897678902855,145
9,0.0,0.0,0.0,55
