index,mcc_score,lower,upper,size
0,0.13178811954161315,0.07014987470412845,0.18234436377316282,765
1,0.1386681343011976,0.047285149366107115,0.20678849141950614,574
3,0.19555721210263702,0.12863548538531938,0.26418580186044305,255
5,0.19696428203405067,0.07784073452737884,0.3154744127670219,192
6,0.33581503772229737,0.22175400378204174,0.43335952830096025,423
8,0.31756711701408047,0.17099639201419234,0.4402788042753606,516
9,0.0,0.0,0.0,168
