index,mcc_score,lower,upper,size
0,0.10300262953753868,-0.07127715042612988,0.2168680994873401,194
1,0.16386644445442128,0.088762084400484,0.2486770060594996,135
3,0.16921369412721807,0.0,0.30714755841697555,60
5,0.2776942156974497,0.08980265101338746,0.4804999801042981,41
6,0.3061546849304068,0.0,0.5297284633639759,94
8,0.2126907622879121,0.0,0.4318978633610921,145
9,0.0,0.0,0.0,55
